"","Adlercreutzia","Alistipes_A","Bruticola","CAG-115","CAG-127","CAG-1427","CAG-791","CAJJNI01","CAJOIG01","Choladousia","Coprococcus","Copromorpha","D16-63","Dethiosulfatibacter","Enterococcus_B","Evtepia","Faecivicinus","Faecivivens","Flavonifractor","Fusicatenibacter","Heteroruminococcus","JAAYOP01","JAAZKA01","JAEDDG01","JAGTTR01","KLE1615","Limivivens","Limosilactobacillus","Longicatena","Luteibacter","Martelella","Marvinbryantia","Mediterraneibacter","Mediterraneibacter_A","NSJ-63","Onthenecus","Pediococcus","Propionicimonas","Protoclostridium","Pullichristensenella","RGIG1902","RGIG2774","RGIG3566","RGIG426","RUG420","RUG626","RUG762","Ruminococcus_E","SIG483","SIG488","SIG565","SIG578","SIG588","SIG598","Scatomorpha","Schneewindia","Streptacidiphilus","Tabaqchalia","UBA10281","UBA11774","UBA1227","UBA1417","UBA1425","UBA1447","UBA1774","UBA3402","UBA6987","UBA738","UMGS1591","UMGS1668","Ventricola","Ventrisoma","Ventrousia","WRMQ01"
"CSM5MCVN",0,1.06901599050663e-05,0,1.08174237134599e-06,2.92706759305386e-05,1.08810556176568e-05,5.66323947351726e-06,1.43171784442852e-05,0,0.000231620131276436,1.59079760492058e-05,2.41801235947928e-06,0,0,0,1.10719513302472e-05,0,0,0.00545459045965588,1.02447365756885e-05,0,0,0,0,3.75428234761257e-06,2.35438045528246e-06,1.03083684798854e-05,1.20900617973964e-06,0,0,0,1.46989698694661e-05,4.58786029259095e-05,4.70876091056491e-06,0,8.90846658755524e-07,0,0,0,0,0,0,0,0,0,0,0,1.12628470428377e-05,1.27263808393646e-06,0,0,0,1.20900617973964e-06,0,1.01174727672949e-05,0,1.08174237134599e-06,0,3.3088590182348e-06,6.17229470709185e-06,0,4.00880996439986e-06,0,1.52716570072376e-06,0,0.000254209457266309,0,7.63582850361878e-07,0,6.99950946165055e-07,1.39990189233011e-06,5.98139899450138e-06,0,0
"CSM5MCWE",0,3.21635630307127e-06,0,2.66181211288656e-06,0.000304888395763549,1.44181489448022e-06,3.31617425730451e-05,1.84108671141321e-05,0,0.000267456662926081,0.00020152135871312,1.53608740681162e-05,0,0,0.000102091585413003,2.66735755478841e-05,1.16454279938787e-06,1.05363396135093e-06,0.00812102239315985,0.0515259725207826,1.38636047546175e-06,0,0,0,4.31989924153882e-05,0.000136806051718566,0.000212556788097796,9.6490689092138e-05,1.55272373251716e-06,0,9.42725123313992e-07,0.000303779307383179,0.000556984184621514,4.94653417644753e-05,1.33090605644328e-06,4.57498956902378e-05,2.10726792270186e-06,2.55090327484962e-06,0,1.71908698957257e-06,0,0,1.71908698957257e-06,0,9.42725123313992e-07,0,5.3790786447916e-06,5.88925929976152e-05,0,0,0,0,0,0,3.76535505135412e-05,0,0,0,1.1090883803694e-06,5.08517022399371e-05,0,3.82635491227444e-05,0,0,9.42725123313992e-07,0.000484560713383392,5.43453306381007e-06,4.65817119755149e-06,3.27181072208974e-06,7.0427112153457e-06,5.71180515890242e-06,1.71908698957257e-05,0,0
"CSM5MCX3",1.44853840796792e-05,0.000421530269531052,0,6.02345893969673e-05,0.000254752604181231,4.09393866653483e-05,2.25390339154854e-05,1.50446653182769e-05,2.18119683053085e-06,0.000219182317406421,0.000166050599739643,1.6442868414771e-05,6.15209362457419e-07,0,1.23041872491484e-06,7.84671577752508e-05,6.71137486317184e-07,1.78969996351249e-06,0.000394125488839767,0.000887579325654476,2.12526870667108e-06,0,0,0,8.9876495042643e-05,0.000177795505750194,0.00035044562410529,9.06035606528199e-06,5.20131551895818e-06,0,0,0.000327403237075066,0.00527066639254429,8.74156575928133e-05,5.59281238597654e-07,5.59281238597654e-07,0,0,1.2863468487746e-06,1.4541312203539e-06,1.34227497263437e-06,8.94849981756246e-07,1.00670622947578e-06,0,9.50778105616011e-07,1.73377183965273e-06,4.3623936610617e-06,7.18117110359387e-05,1.4541312203539e-06,0,0,0,3.02011868842733e-06,0,0.000143455637700298,0,6.15209362457419e-07,0,5.98430925299489e-06,1.39261028410816e-05,4.80981865193982e-06,9.58048761717781e-05,2.85233431684803e-06,0,1.78969996351249e-06,0.000279752475546546,2.68454994526874e-06,1.27516122400265e-05,8.94849981756246e-07,6.54359049159255e-06,1.55480184330148e-05,8.7247873221234e-06,0,1.11856247719531e-06
"CSM5MCXL",5.75991002714702e-06,1.97773901817083e-05,0,3.72100382284719e-06,6.06064869228124e-05,7.02403187381291e-05,1.02964763317141e-05,2.75252337580477e-06,5.60699206182453e-07,5.75991002714702e-05,4.69967880091111e-05,4.37855107373388e-05,0,0,0,9.5522755671447e-05,6.62644516397444e-07,1.01945310214991e-06,0.00941383383587274,0.00139925035535587,5.60699206182453e-07,0,0,8.66535136827427e-07,1.96754448714933e-05,1.67190308752586e-05,3.78217100897618e-05,5.09726551074957e-07,1.58015230833237e-06,0,0,7.57963381448461e-05,0.000465737149717188,1.01435583663916e-05,6.11671861289949e-07,5.09726551074957e-07,0,0,6.52449985375945e-06,1.47820699811738e-06,0,1.98793354919233e-06,9.17507791934923e-07,0,8.15562481719932e-07,1.1723710674724e-06,1.01945310214991e-06,0.000828662454082558,7.1361717150494e-07,1.07042575725741e-06,0,0,0,9.68480447042419e-07,2.85446868601976e-05,1.03984216419291e-05,0,0,0,4.8220131731691e-05,3.5171132024172e-06,2.65057806558978e-05,6.62644516397444e-07,0,1.63112496343986e-06,9.08842440566649e-05,1.12139841236491e-06,4.7914295801046e-06,3.21127727177223e-06,4.02683975349216e-06,4.91376395236259e-05,5.70893737203952e-06,2.19182416962232e-06,9.17507791934923e-07
"CSM5MCY8",2.8331495374216e-05,8.67167654767037e-05,0,5.59740790068097e-06,5.76963583608654e-05,5.56296231359986e-05,5.07211269769399e-05,3.91818553047668e-06,1.55005141865012e-06,8.14638134468338e-05,3.16468831307732e-05,6.4456304825534e-05,0,0,1.8342275120693e-05,0.000313110386567323,7.83637106095336e-06,2.18729477965072e-05,0.0017954331696192,0.000964519495255034,1.89450728946125e-06,6.02797773919489e-07,7.31968725473666e-07,8.61139677027842e-07,8.1377699479131e-06,2.53605634884699e-05,3.13454842438134e-05,3.92679692724696e-05,0.00020288450790776,0,0,3.78470888053737e-05,0.00263396793012506,1.29170951554176e-05,1.0764245962848e-05,9.94616326967157e-06,5.59740790068097e-07,0,4.69321123980174e-06,1.70936225890027e-05,1.37782348324455e-06,2.36813411182657e-06,1.59310840250151e-06,1.46393745094733e-06,2.88481791804327e-06,1.29170951554176e-06,3.61678664351694e-06,0.00119035337555559,1.89450728946125e-06,2.10979220871821e-06,4.73626822365313e-07,0,1.37782348324455e-06,7.75025709325058e-07,0.000507727953575616,4.04735648203086e-06,1.76533633790708e-06,1.20559554783898e-06,6.15714869074907e-06,0.000119483130187613,1.59310840250151e-06,4.13347044973364e-05,2.45424807952935e-06,0,4.09041346588225e-06,5.59310220229583e-05,3.2723307727058e-06,1.30032091231204e-05,3.65123223059805e-05,6.80300344851995e-06,0.000197588498894038,0.000163530424667587,9.2572515280493e-06,9.47253644730626e-07
"CSM5MCZ3",7.412395144196e-06,0.000252831192355391,0,1.23955179302101e-05,5.31948357407007e-05,5.60601313426588e-06,4.67167761188824e-05,2.56630823479727e-05,6.78950479594424e-06,0.0001237060231628,3.97404042184626e-05,3.73734208951059e-05,0,0,1.15234714426576e-05,0.00066013919107722,6.1043254128673e-06,6.29119251734282e-06,0.00965162365712627,0.00335744126611184,5.79288023874141e-06,9.96624557202824e-07,1.12120262685318e-06,1.058913592028e-06,1.38904547660144e-05,1.81261091341264e-05,0.00137739742708913,0,0.000320913107419309,2.117827184056e-06,0,7.25044365365054e-05,0.00300258063471281,1.8001531064476e-05,1.93096007958047e-06,4.48481050741271e-06,0,6.85179383076941e-07,0.00275927966468567,8.90733198000024e-06,5.29456796014e-06,1.55722587062941e-06,3.36360788055953e-06,2.24240525370635e-06,9.90395653720306e-06,3.55047498503506e-06,7.03866093524494e-06,0.00011660507319273,3.05216270643365e-06,2.49156139300706e-06,6.85179383076941e-07,9.34335522377647e-07,2.30469428853153e-06,1.61951490545459e-06,0.000283415108454553,1.74409297510494e-06,2.55385042783224e-06,1.30806973132871e-06,3.47572814324485e-05,1.42018999401402e-05,6.22890348251765e-06,0.000948101399074011,3.92420919398612e-06,1.61951490545459e-06,7.78612935314706e-06,0.000208045376316089,8.28444163174847e-06,1.76900858903501e-05,1.23332288953849e-05,5.10770085566447e-06,2.74071753230777e-05,5.69944668650365e-05,5.97974734321694e-06,2.05553814923082e-06
"CSM5MCZF",5.45804166588742e-06,0.0019660187141801,0,2.61664938688132e-05,0.000154671268973016,4.42261905574113e-05,0.000205800276931402,1.25213897040947e-05,6.26069485204734e-06,0.000296821148241937,0.000386477509135999,5.87542132269058e-05,0,0,0,0.000235739240775167,3.05008210740768e-06,6.58175612651131e-06,0.00880478439089981,0.00340621932610683,6.10016421481536e-06,0,0,9.63183823391898e-07,6.96702965586807e-05,0.000158202942992119,0.000131394326574378,0,1.84610232816781e-06,0,0,0.000119113732826131,0.00031817172299379,4.24603535478595e-05,3.7724699749516e-06,1.20397977923987e-06,1.04344914200789e-06,0,4.7115742027587e-05,5.93963357758337e-06,9.63183823391898e-06,2.08689828401578e-06,3.21061274463966e-06,1.76583700955181e-06,3.45140870048764e-06,4.25406188664755e-06,2.8895514701757e-06,0.00294991098977492,3.53167401910363e-06,3.21061274463966e-06,0,0,0,8.02653186159915e-07,0.00142230144587537,3.05008210740768e-06,1.60530637231983e-06,4.81591911695949e-06,9.31077695945502e-06,0.000967116824004082,6.18042953343135e-06,7.52086035431841e-05,3.93300061218359e-06,0,7.94626654298316e-06,0.000190790662350212,1.03542261014629e-05,3.7885230386748e-05,7.94626654298316e-06,7.30414399405523e-06,8.86931770706706e-05,1.28424509785586e-05,7.14361335682325e-06,2.16716360263177e-06
"CSM67UA2",3.80171412383732e-05,7.20113045679238e-05,0,3.6206801179403e-06,3.23179225342079e-05,1.67624079534273e-05,7.1743106040669e-06,2.78926468345031e-05,1.27394300446048e-06,2.41378674529353e-05,2.86301927844539e-05,2.16570310758281e-05,0,0,0,8.54882805624794e-05,5.49806980872416e-06,0,0.00954223540119985,0.00167838638356077,1.27394300446048e-06,0,0,0,7.57660839494915e-06,1.34099263627419e-05,4.27776650971465e-05,9.3869484539193e-07,0.000107078262006494,0,0,3.16474262160708e-05,0.00143834870166769,1.38792737854378e-05,0,1.20689337264677e-06,0,0,0,8.71645213578221e-07,0,0,9.3869484539193e-07,1.00574447720564e-06,1.27394300446048e-06,1.13984374083306e-06,2.1455882180387e-06,2.68869023572974e-05,9.3869484539193e-07,2.27968748166612e-06,0,0,7.37545949950802e-07,8.04595581764512e-07,2.3065073343916e-05,0,1.94443932259757e-06,0,0,0.000235545356561561,1.20689337264677e-06,8.52871316670382e-05,8.04595581764512e-07,0,1.4080422680879e-06,8.1197104126402e-05,1.13984374083306e-06,5.16282164965562e-06,7.84480692220399e-06,2.54788600892095e-06,7.37545949950802e-06,2.48083637710724e-06,1.20689337264677e-06,1.54214153171531e-06
"CSM67UAQ",5.22318126853077e-06,0.000202036162849136,1.44844522572702e-06,0.000882673742102133,0.000897202086638971,0.000201948378290001,7.15444156950013e-05,0.000386427629312142,5.39875038680071e-06,0.000334722523981644,0.0196228775339562,5.64454715237863e-05,0,3.99419744064118e-06,2.85299817188656e-06,8.25174855868727e-05,5.57431950507066e-05,4.76670156102892e-05,0.000403808972020866,0.00113628333344306,2.09805096332581e-05,5.26707354809826e-07,1.66790662356445e-06,1.09730698918714e-06,0.000177588163130046,0.00155308442021591,0.00041561599522452,2.58964449448164e-06,0,1.71179890313193e-06,7.90061032214739e-07,0.000263441461964048,0.00204656531939315,4.91593531155837e-05,1.74691272678592e-05,3.73084376323627e-06,0,0,1.42649908594328e-05,4.20926961052186e-05,1.18509154832211e-06,4.03808972020866e-06,5.4426426663682e-06,1.93126030096936e-06,4.47701251588352e-06,5.04761215026083e-06,8.86624047263207e-06,0.00110389083112226,2.94078273102153e-06,2.01904486010433e-06,9.65630150484681e-07,0,1.18509154832211e-06,2.01904486010433e-06,0.000586839777817281,1.09730698918714e-06,1.97515258053685e-06,1.58012206442948e-06,0.000432821768814974,0.000916207443691692,6.36438053728539e-06,0.000307597095208938,6.23270369858294e-06,1.22898382788959e-06,8.91013275219955e-06,0.000604396689644275,6.49605737598785e-06,2.96272887080527e-05,6.00007461687526e-05,1.01830088596566e-05,0.00172395706457213,1.11925312897088e-05,1.09291776123039e-05,2.06293713967182e-06
"CSM67UBZ",5.85835819880924e-05,0.000113156035840063,6.33336021492891e-07,6.21197081080944e-05,0.000117325497981558,2.79723409492694e-06,2.24306507612066e-05,3.06112410388231e-06,1.58334005373223e-06,7.63697685916845e-05,0.000214489799278926,4.31724054650988e-05,0,0,0,0.00169142940140035,1.7733408601801e-05,1.6361180555233e-06,0.00155468159875967,0.00258511930572861,2.16389807343404e-06,0,5.27780017910743e-07,7.3889202507504e-07,1.02917103492595e-05,0.000475846464148326,3.65223772394234e-05,1.10833803761256e-06,0.000211323119171461,0,0,0.000106769897623343,0.000687169583319787,3.90029433236039e-05,1.56750665319491e-05,7.3889202507504e-07,0,0,6.59725022388428e-06,5.27780017910743e-06,1.58334005373223e-06,0,1.05556003582149e-06,0,2.74445609313586e-06,1.26667204298578e-06,3.11390210567338e-06,0.00519588872032768,0,0,0,0,6.86114023283965e-07,6.33336021492891e-07,0.000811567333541349,3.37779211462875e-06,0,0,2.90279009850908e-06,0.000128461656359475,1.31945004477686e-06,0.000805339529330002,8.97226030448263e-07,0,4.11668413970379e-06,4.66029755815186e-05,1.79445206089653e-06,1.15583823922453e-05,3.64168212358412e-06,6.70280622746643e-06,1.46722844979186e-05,1.14528263886631e-05,2.21667607522512e-06,0
"CSM67UCK",4.41302872218302e-05,0.00168291186825907,0,0.000251609938256056,0.000114988722259932,8.27803426971586e-05,7.31659010366291e-05,1.63445508229001e-06,5.57637616310708e-06,0.000141716870076204,6.78779581233379e-05,1.79790059051901e-05,0,0,0,0.00025314824892174,3.63425894768013e-05,1.11527523262142e-05,0.000455147668209464,0.000797037213657891,5.67252057971237e-06,0,0,0,1.11527523262142e-05,7.94152881159732e-05,3.30736793122213e-05,0,2.11517716531648e-06,9.61444166052945e-07,0,0.000122487986755145,0.000221228302608783,1.02874525767665e-05,1.32679294915306e-05,2.78818808155354e-06,0,0,0.000187385467963719,4.67261864701731e-05,1.44216624907942e-06,2.21132158192177e-06,5.38408732989649e-06,0,4.61493199705414e-06,5.09565408008061e-06,4.71107641365943e-06,0.000506777219926507,9.61444166052945e-07,1.15373299926353e-06,0,1.15373299926353e-06,1.53831066568471e-06,0,0.00140543908193619,0,2.59589924834295e-06,0,3.10546465635101e-05,0.000255071137253846,2.69204366494825e-06,0.00154946341801093,4.23035433063296e-06,1.92288833210589e-06,4.42264316384355e-06,0.000157965276482499,3.74963224760648e-06,6.20131487104149e-05,8.84528632768709e-06,1.52869622402418e-05,0.00119257534357207,9.54714056890574e-05,8.17227541145003e-06,2.40361041513236e-06
"CSM67UEW",7.82986670299035e-05,1.81186998085727e-05,5.3385454793116e-06,1.73098292814043e-05,0.000408964938536355,2.03835372846443e-05,5.25765842659476e-05,1.06770909586232e-05,2.42661158150527e-06,0.000192996507782386,0.0236397264788135,2.49132122367875e-05,0,0,2.75015979237264e-06,1.68245069651032e-05,0,2.91193389780633e-06,0.0001685686178619,0.0152501213710226,0,0,0,0,4.22230415181917e-05,0.0043866666429398,0.000178598612398788,8.41225348255161e-06,9.54467222058741e-06,0,0,0.000165333135753226,0.012221710117304,7.86222152407708e-05,0,0,0,0,5.82386779561265e-06,5.3385454793116e-06,2.26483747607159e-06,0,2.1030633706379e-06,2.1030633706379e-06,5.50031958474528e-06,0,6.95628653364845e-06,0.000353638194478035,0,0,0,0,0,5.17677137387791e-06,5.40325512148507e-05,0,0,0,4.69144905757686e-06,4.07670745692886e-05,1.77951515977053e-06,9.98146230525835e-05,5.50031958474528e-06,0,0,0.000158862171535879,3.39725621410738e-06,9.70644632602109e-06,6.63273832278108e-06,2.96046612943643e-05,8.39607607200824e-05,9.38289811515372e-06,4.20612674127581e-06,1.77951515977053e-06
"CSM67UH7",5.24776370158914e-05,5.65093761670503e-05,0,1.48263955881329e-05,0.000168227567484648,1.63870688079363e-05,1.94433871967181e-05,7.60828194654187e-06,0,0.000297308248372559,0.000180908037395551,0.000954741842214767,0,0,3.51151474455779e-06,0.00338815653214249,2.40603788053034e-06,1.04044881320231e-06,0.00365178025018762,0.00268962521017879,3.64157084620807e-06,0,7.15308559076586e-07,1.04044881320231e-06,2.67915569399594e-05,2.84822862614132e-05,6.48329666726688e-05,4.22682330363437e-06,0.000147093450966476,0,0,0.000101703871490526,0.0057030901134668,1.35908626224551e-05,5.19574126092902e-05,1.10547686402745e-06,0,0,6.50280508251442e-07,4.03173915115894e-06,9.10392711552019e-07,0,7.15308559076586e-07,1.69072932145375e-06,5.20224406601154e-06,9.75420762377163e-07,2.27598177888005e-06,3.57003999030042e-05,0,0,0,0,0,0,3.52452035472282e-05,0,0,0,2.47106593135548e-06,0.000204773332048379,3.05631838878178e-06,1.75575737227889e-05,2.01586957557947e-06,1.30056101650288e-06,2.01586957557947e-06,0.000132657223683294,2.99129033795663e-06,5.85252457426298e-06,9.75420762377163e-06,5.0071599135361e-06,2.69866410924348e-05,2.56210520251068e-05,2.14592567722976e-06,1.43061711815317e-06
"CSM79HH8",1.14586118206446e-05,4.45282842771163e-05,0,2.7310681023298e-06,0.000101108890831905,8.31194639839503e-07,8.90565685542325e-06,1.78113137108465e-06,0,0.000393511290918302,4.10253925806498e-05,0.000104493040436966,0,0,0,0.000311163650528488,0,0,0.00238570672947648,0.00743776712146669,0,0,0,0,6.35270189020192e-06,2.23235131842609e-05,6.40019872676418e-05,0,8.90565685542325e-07,0,0,4.85061443392053e-05,0.00406121701025581,1.06867882265079e-05,8.31194639839503e-07,7.71823594136682e-07,1.48427614257054e-06,0,0,0,0,0,1.18742091405643e-06,0,0,0,1.72176032538183e-06,4.55375920540642e-05,0,0,0,0,0,0,1.7633200573738e-05,0,0,0,0,9.20251208393736e-06,5.99647561598499e-06,1.20523222776728e-05,6.53081502731038e-07,0,5.93710457028217e-07,5.43838778637847e-05,0,0,8.31194639839503e-07,7.71823594136682e-07,4.74968365622573e-06,1.89987346249029e-06,0,0
"CSM79HHO",8.21193358188119e-06,3.07947509320545e-05,0,4.45790680159265e-06,0.000151216891243498,2.11164006391231e-06,1.75970005326025e-05,2.40492340612235e-06,0,0.000830402455133514,0.000124058853754848,0.000187584025677543,0,0,6.45223352862093e-07,0.000588443697810229,0,6.45223352862093e-07,0.00377977705773459,0.0140309097180022,6.45223352862093e-07,0,0,0,2.13510273128911e-05,2.80965441837221e-05,0.000128282133882673,1.58373004793423e-06,1.64238671637624e-06,0,0,0.000117899903568437,0.0110357242573479,3.08534076004965e-05,9.97163363514144e-07,9.38506695072136e-07,3.75402678028854e-06,0,0,0,0,0,9.97163363514144e-07,0,6.45223352862093e-07,0,2.52223674300637e-06,8.68118692941726e-05,0,0,0,0,0,0,3.60151944233932e-05,6.45223352862093e-07,0,0,0,2.40492340612235e-05,9.56103695604739e-06,1.73037171903925e-05,0,0,9.97163363514144e-07,0.000109042746633694,2.34626673768034e-06,1.3491033741662e-06,1.4077600426082e-06,3.34343010119448e-06,1.04408869826775e-05,5.10313015445474e-06,8.79850026630128e-07,0
"CSM79HJM",4.01757965988228e-06,4.59907145275998e-05,0,1.48016092732505e-06,7.90300209411053e-05,6.34354683139307e-07,6.39640972165468e-06,3.48895075726619e-06,0,0.000208808416533355,1.6493221761622e-05,1.65989475421452e-05,0,0,0,0.000134853233057364,0,0,0.00176889803393396,0.00401641667629652,0,0,0,0,3.64753942805102e-06,1.64403588713604e-05,2.64314451308045e-05,5.28628902616089e-07,0,0,0,2.38411635079856e-05,0.00214993374693964,5.97350659956181e-06,0,0,1.90306404941792e-06,0,0,0,0,0,6.87217573400916e-07,0,0,0,1.48016092732505e-06,3.21935001693198e-05,0,0,0,0,0,0,1.42201174803728e-05,0,0,0,0,5.3391519164225e-06,2.48455584229562e-06,1.19998760893852e-05,0,0,0,3.61053540486789e-05,6.87217573400916e-07,1.11012069549379e-06,1.69161248837149e-06,1.00439491497057e-06,2.64314451308045e-06,1.42729803706344e-06,0,5.28628902616089e-07
"CSM79HKZ",0.000127192217949841,0.000427182172154982,0,3.5415043870307e-05,0.000313011115983388,7.42269125523308e-06,5.18330304602717e-05,6.22751215481419e-06,2.20164571129795e-06,0.000256145752468721,0.000485242714770067,4.12651310460415e-05,0,0,1.069370774059e-06,0.000136816554916372,2.13874154811801e-06,1.19517910041889e-06,0.00027828801790806,0.000469642482301442,1.069370774059e-06,0,8.17754121339237e-07,0,0.000190788326924762,0.000108824202301298,0.00022507109585783,1.13227493723894e-06,2.83068734309736e-06,0,6.91945794979355e-07,0.00018267368987455,0.00109465824765734,0.000108698393974939,6.29041631799413e-07,1.69841240585842e-06,0,6.91945794979355e-07,0,5.66137468619472e-06,0,0,1.69841240585842e-06,1.00646661087906e-06,1.8242207322183e-06,3.83715395397642e-06,4.27748309623601e-06,0.00344752556723986,0,0,0,0,0,1.63550824267847e-06,0.000122096980732266,8.80658284519179e-07,2.45326236401771e-06,0,1.12598452092095e-05,0.000165752469979145,9.4356244769912e-07,0.000374153962594291,1.63550824267847e-06,0,0,0.000131910030188337,3.71134562761654e-06,1.1763078514649e-05,3.20811232217701e-06,1.48453825104662e-05,9.18400782427143e-05,1.11969410460296e-05,2.13874154811801e-06,0
"CSM79HRG",5.29075026227812e-05,5.21543709128484e-05,0,0.000111369351606317,0.000213042132447249,4.23636586837216e-06,4.79180050444762e-05,9.13172198293554e-06,1.69454634734886e-06,0.000867419446915135,0.000100166517421066,7.57838783119908e-05,0,0,1.50626341986566e-06,0.00021426597147589,0,8.28444880926111e-06,0.000826938617506245,0.00236982306676739,1.12969756489924e-06,0,0,0,6.96646831687866e-06,0.000239684166686123,0.000138764517555124,1.69454634734886e-06,2.16525366605688e-06,0,0,7.56897368482492e-05,0.00338692744103167,8.68925710335e-05,9.41414637416035e-07,1.60040488360726e-06,0,0,4.51879025959697e-06,2.7301024485065e-06,0,0,0,1.12969756489924e-06,2.5418195210233e-06,0,5.08363904204659e-06,0.000187341512845791,0,0,0,0,0,1.12969756489924e-06,0.000111463493070059,0,0,2.35353659354009e-06,1.69454634734886e-06,0.00213164516350113,2.5418195210233e-06,4.33050733211376e-05,1.41212195612405e-06,0,1.97697073857367e-06,8.5480449077376e-05,2.7301024485065e-06,5.83677075197942e-06,5.93091221572102e-06,2.6359609847649e-06,2.41943561815921e-05,5.15895221303987e-05,2.07111220231528e-06,1.69454634734886e-06
"CSM7KOLY",1.00782980184592e-05,0.000155357163130399,1.43406612120368e-06,0.037693511786928,0.000222678600486905,2.29052227692255e-05,8.09849006779747e-05,1.96387388264838e-05,1.75274748147117e-06,0.000276137398671776,0.000155357163130399,6.69629208262053e-05,0,0,1.39423095117025e-06,0.00012209479615248,3.90384666327669e-06,2.15109918180553e-06,0.00213504560828205,0.00377964060311244,1.55357163130399e-06,0,6.3736272053497e-07,1.75274748147117e-06,2.84024762338396e-05,2.51758274611313e-05,6.83173166073421e-05,0,9.02266601257317e-05,1.07554959090276e-06,0,0.00013380633614231,0.00100890535143682,4.2424456085609e-05,0.000126954686896559,1.63324197137086e-06,7.56868230635277e-07,0,2.44986295705629e-05,1.18708806699638e-05,6.77197890568406e-07,1.75274748147117e-06,1.71291231143773e-06,2.19093435183896e-06,2.62912122220675e-06,7.96703400668713e-07,9.24175944775707e-06,0.00200187663486028,9.95879250835891e-07,7.56868230635277e-07,0,0,6.77197890568406e-07,0,0.000121776114792213,1.62925845436752e-05,0,9.1620891076902e-07,8.70398465230569e-05,2.40604427001951e-05,1.51373646127055e-06,0.000641306402368281,1.6730771414043e-06,1.83241782153804e-06,3.34615428280859e-06,0.00107439437097179,3.14697843264142e-06,1.24684082204654e-05,8.36538570702149e-06,5.73626448481473e-06,0.00024510580121573,0.000336487681272431,1.87225299157148e-06,7.56868230635277e-07
"CSM7KOP8",8.81636944890479e-05,0.00696045528776369,0,1.85280542720284e-05,9.36350662203851e-05,9.28889700752028e-05,7.67235535962518e-05,3.23308329579019e-06,1.61654164789509e-06,0.000960101389492156,5.40919705257205e-05,0.00011751014286622,0,0,0,0.000318458704635334,1.30566825406912e-05,2.23828843554705e-06,0.000659300293626138,0.00424192963343426,1.24349357530392e-06,0,0,0,7.85887939592077e-05,0.000645870563012856,0.000119002335156585,0,0,1.86524036295588e-06,0,9.52516078682802e-05,0.000673849168457194,2.52429195786696e-05,1.03209966750225e-05,2.36263779307745e-06,0,0,3.85483008344215e-06,8.45575631206665e-06,0,2.23828843554705e-06,2.48698715060784e-06,1.24349357530392e-06,2.36263779307745e-06,1.86524036295588e-06,0,0.00203721552442041,0,0,0,0,0,0,4.84962494368528e-05,2.61133650813823e-06,0,0,0.000101717774459861,0.000184534446575102,7.33661209429312e-06,0.000796581984339691,3.48178201085097e-06,0,3.60613136838137e-06,0.000191498010596804,2.98438458072941e-06,1.47975735461166e-05,0.000370312386725507,6.22990281227264e-05,0.000933117578908061,2.48698715060784e-06,1.24349357530392e-06,0
"CSM7KORU",1.55395030570519e-06,1.95107093938541e-05,0,9.75535469692703e-06,7.77838458577987e-05,3.72084767643854e-05,1.35538998886508e-05,1.72661145078354e-05,1.20862801554848e-06,4.50645588654505e-05,2.5812841189214e-05,3.7985451917238e-06,0,0,9.4963629793095e-07,2.27912711503428e-05,1.03596687047013e-06,1.29495858808766e-06,0.0116014476601048,0.000237322743910198,1.03596687047013e-06,0,0,0,3.88487576426298e-06,0.000233006215283239,2.16689737073335e-05,0,8.63305725391773e-07,0,0,4.16976665364226e-05,0.00125559184700979,3.00430392436337e-05,1.72661145078355e-06,0,0,0,1.1222974430093e-06,0,0,0,8.63305725391773e-07,0,0,0,1.38128916062684e-06,2.45178826011263e-05,0,0,0,0,0,0,5.14530212333496e-05,0,0,0,0,8.37406553630019e-06,0,1.66618005000612e-05,0,0,0,7.70932012774853e-05,1.03596687047013e-06,5.95680950520323e-06,0,3.53955347410627e-06,1.57984947746694e-05,8.89204897153526e-06,1.46761973316601e-06,0
"CSM7KOTU",5.54794470548444e-06,8.92537771040215e-05,9.73323632541129e-07,8.75991269287016e-06,0.000103756299228884,6.75486600983544e-05,4.83741845372941e-05,6.32660361151734e-06,2.14131199159048e-06,0.00017441959495137,0.000122541445336928,2.22891111851919e-05,0,0,9.73323632541129e-07,6.44340244742227e-05,8.17591851334548e-06,1.28478719495429e-05,0.0015950827690084,0.000237393633976781,3.89329453016452e-06,0,9.73323632541129e-07,0,2.83237177069469e-05,3.05623620617915e-05,0.000105118952314442,5.74260943199266e-06,1.55731781206581e-06,0,2.04397962833637e-06,7.82552200563068e-05,0.00145239352447787,8.68204680226687e-05,1.48918515778793e-05,1.36265308555758e-06,0,0,6.034606521755e-06,6.32660361151734e-06,1.07065599579524e-06,2.43330908135282e-06,1.65465017531992e-06,2.14131199159048e-06,6.22927124826323e-06,1.16798835904935e-06,6.71593306453379e-06,0.000304942294075136,1.45998544881169e-06,9.73323632541129e-07,0,0,1.36265308555758e-06,9.73323632541129e-07,0.000197390032679341,0,0,1.07065599579524e-06,2.82263853436927e-06,3.06596944250456e-05,1.75198253857403e-06,0.000364120370933636,1.55731781206581e-06,0,6.71593306453379e-06,0.00011358686791755,4.57462107294331e-06,1.68384988429615e-05,8.07858615009137e-06,1.07065599579524e-05,6.31687037519193e-05,6.034606521755e-05,2.33597671809871e-06,1.75198253857403e-06
"CSM7KOUL",2.96359165170514e-05,0.000282166060573492,0,3.73126900726732e-05,9.63167286804171e-05,1.38360453618764e-05,1.54428119200298e-05,8.74795126105734e-06,4.46324043931497e-06,0.000116312045848548,0.000354470555690395,1.51750174936709e-05,0,0,0,2.93681220906925e-05,1.33897213179449e-06,1.42823694058079e-06,0.00105814504335279,0.000641456915938348,1.51750174936709e-06,0,0,0,4.12403416592703e-05,0.000405351496698586,0.000102833059721817,0,7.94456798198065e-06,0,0,5.73972720495905e-05,0.00071545744242219,8.92648087862994e-06,8.92648087862994e-07,1.42823694058079e-06,0,0,4.10618120416977e-06,1.16044251422189e-06,8.92648087862994e-07,0,1.51750174936709e-06,0,3.39206273387938e-06,1.96382579329859e-06,1.69603136693969e-06,3.9365780674758e-05,1.78529617572599e-06,0,0,0,0,0,9.94409969879376e-05,0,0,0,1.65139896254654e-05,3.17782719279226e-05,1.60676655815339e-06,7.17689062641847e-05,0,0,1.24970732300819e-06,0.00011506233852554,3.92765158659717e-06,3.88301918220402e-05,1.16044251422189e-06,2.52619408865227e-05,6.82875787215191e-05,8.12309759955325e-06,2.05309060208489e-06,0
"MSM5LLDI",2.87752352414262e-05,0.000148607414346557,0,0.000130380513317621,2.56727840024584e-05,0.000161482586988273,1.57449400377615e-05,0,0,8.15169063038784e-05,1.72186043762712e-05,0.000213603767802932,0,0,0,0.00104932657029988,1.08585793363872e-06,3.02488995799359e-06,0.00396120974191406,0.000782903570153519,7.75612809741945e-07,0,0,0,1.24873662368453e-05,8.98159633681172e-05,0.000221127212057429,0,6.43758632085814e-06,0,0,3.69191697437166e-05,0.000448071520187922,8.76442475008398e-06,0,8.5317409071614e-07,0,0,1.24098049558711e-06,4.96392198234845e-06,0,2.09415458630325e-06,0,0,0,0,7.60100553547106e-06,6.04977991598717e-05,0,0,0,0,1.31854177656131e-06,0,5.91792573833104e-05,0,0,0,3.64538020578714e-06,4.80879942040006e-06,2.94732867701939e-06,0.00118311977998036,0,0,0,4.28138270977554e-05,2.55952227214842e-06,5.19660582527103e-06,0.000127045378235731,4.88636070137425e-06,1.22546823939227e-05,2.00108104913422e-05,0,0
"MSM5LLF4",4.95633586114329e-06,1.77011995040832e-06,0,2.3129567352002e-05,0.000215364593966346,6.37243182146995e-06,5.08614465750657e-05,2.36015993387776e-06,4.13027988428608e-06,0.000206277978220916,0.000148454059840911,1.80552234941649e-05,0,0,1.23908396528582e-05,0.000155298523649157,3.8942638908983e-06,4.95633586114329e-06,0.0449499539886821,0.000305522703440476,6.49043981816384e-06,0,0,1.77011995040832e-06,5.22775425353924e-05,1.66391275338382e-05,0.000217724753900223,2.3129567352002e-05,2.83219192065331e-05,0,2.9501999173472e-06,0.000233773841450592,0.0181580084592852,7.22208939766594e-05,3.42223190412275e-06,2.9501999173472e-06,1.88812794710221e-06,0,0,1.13287676826132e-05,2.71418392395942e-06,0,2.9501999173472e-06,0,4.13027988428608e-06,4.01227188759219e-06,1.38069356131849e-05,0.000158838763549973,3.54023990081664e-06,0,0,0,0,0,0.000258791536749696,0,2.59617592726554e-06,0,3.54023990081664e-06,0.000151286251761564,2.36015993387776e-06,2.61977752660431e-05,1.77011995040832e-06,0,8.02454377518438e-06,0.000141255572042584,1.06207197024499e-05,2.28935513586143e-05,8.26055976857216e-06,1.34529116231032e-05,1.95893274511854e-05,4.07127588593913e-05,9.55864773220492e-06,2.9501999173472e-06
"MSM6J2HF",0,8.94731790044183e-06,0,2.52858984142921e-06,4.52228567794071e-05,1.45880183159378e-06,7.8775298906064e-06,1.65330874247295e-06,0,4.52228567794071e-05,2.48968845925338e-05,4.27915203934175e-06,0,0,0,1.16704146527502e-05,0,0,0.00463402989824079,0.00373900634783029,0,0,0,0,1.20594284745086e-05,1.95479445433566e-05,6.6813123886995e-05,1.65330874247295e-06,8.94731790044183e-05,0,0,2.80089951666005e-05,0.000662879552276212,1.32264699397836e-05,0,0,0,0,0,0,0,0,0,0,0,0,1.06978800983544e-06,2.49941380479734e-05,0,0,0,0,0,0,5.64070041549594e-06,1.65330874247295e-06,0,0,9.72534554395851e-07,0.000102310635122444,0,8.00395938267786e-05,0,0,0,4.5709124056605e-05,0,1.55605528703336e-06,9.72534554395851e-07,2.6258432968688e-06,8.26654371236474e-06,2.82035020774797e-06,0,0
"MSM6J2HT",1.22962238852001e-05,0.000510293291235803,0,1.62962003297832e-06,1.51110221239808e-05,7.69625097392945e-05,4.9258969178663e-06,1.51850957618435e-06,0,2.20369072641387e-05,2.42220795810869e-05,2.99627865154424e-05,0,0,5.18515465038558e-07,2.77035405606315e-05,1.37036230045905e-06,0,0.000142369531972015,0.00109036394933822,1.55554639511567e-06,0,0,0,2.2296164996658e-05,3.51109043468966e-05,1.70369367084098e-05,4.07405008244581e-07,0,0,0,9.14809427603741e-06,0.000722958705539475,1.18517820580242e-06,1.8888777654976e-06,6.29625921832534e-07,0,0,2.66665096305544e-06,1.03703093007712e-06,0,1.18517820580242e-06,4.81478646107232e-07,0,0,0,9.9999411114579e-07,0.000269591005001119,0,0,0,0,0,0,1.69628630705471e-05,0,1.18517820580242e-06,0,1.05184565764965e-05,9.48142564641934e-06,5.18515465038558e-07,1.0925861584741e-05,4.81478646107232e-07,0,9.25920473283139e-07,7.67402888257065e-05,7.03699559695185e-07,1.18517820580242e-06,3.59257143633858e-06,1.33332548152772e-06,1.47036171157362e-05,8.85179972458681e-06,0,0
"MSM6J2IG",1.84808425362433e-05,3.42010612911391e-05,0,1.08891271375376e-05,0.00014485606452682,1.16559670768008e-05,2.00912064086961e-05,9.04871128330587e-06,9.20207927115851e-07,0.000108661219393597,0.000182124485575012,5.9966883250383e-05,0,8.4352393318953e-07,4.44767164772661e-06,1.72538986334222e-05,1.30362789674746e-06,1.91709984815802e-06,0.0039838101684663,0.0177321000195468,1.91709984815802e-06,0,0,0,2.26217782082647e-05,4.33264565683713e-05,8.01347736530054e-05,2.76062378134755e-06,3.83419969631605e-06,0,9.96891921042172e-07,0.000134580409340693,0.00328368530391899,1.32663309492535e-05,0,1.53367987852642e-06,0,0,0,2.99067576312652e-06,8.4352393318953e-07,0,0,0,2.83730777527387e-06,0,2.30051981778963e-06,3.9415572878129e-05,0,0,0,0,0,0,2.82963937588124e-05,0,0,0,1.4569958846001e-06,0.000259038531483112,1.99378384208434e-06,2.78362897952545e-05,9.96891921042172e-07,0,1.8404158542317e-06,0.000134887145316399,4.06425167809501e-06,3.98756768416869e-06,7.97513536833738e-06,3.14404375097916e-06,1.28062269856956e-05,2.46922460442753e-05,1.61036387245274e-06,0
"MSM6J2IQ",0,1.26621203624984e-05,4.79562033662731e-06,7.15136365988283e-06,0.000460085084400815,4.4170187311041e-06,3.50416819334259e-05,8.8340374622082e-06,5.17422194215052e-06,0.000214036107655787,6.45726071642361e-05,1.36296577988355e-05,0,0,2.18747594302298e-06,5.37193611392375e-05,0,0,0.00391983068936201,0.000210712826896195,9.67537436337088e-07,0,4.62735295639477e-07,2.48194385842992e-06,1.93086818816836e-05,0.000128682479032833,2.07810214587183e-05,0,2.86895883296476e-05,1.72474064738351e-06,0,4.59369948034826e-05,0.000219210329597938,2.76379172031942e-05,8.8340374622082e-07,6.31002675872014e-07,0,0,1.97714171773231e-06,8.49750270174312e-06,9.25470591278954e-07,0,1.05167112645336e-06,1.55647326715097e-06,7.44583157528977e-06,0,7.02516312470842e-06,0.0125257396508199,5.46868985755746e-07,9.25470591278954e-07,0,7.57203211046417e-07,0,4.62735295639477e-07,7.58885884848742e-05,0,0,0,1.14001150107544e-05,0.000114127350642718,4.20668450581343e-07,2.64179786965083e-05,4.24875135087156e-06,0,1.55647326715097e-06,9.04437168749887e-05,2.48194385842992e-06,1.03905107293592e-05,4.58528611133664e-06,6.68862836424335e-06,2.95729920758684e-05,9.71744120842902e-06,0,5.8893583081388e-07
"MSM6J2J5",1.52214880614787e-05,0.00109544395073848,2.13855617392676e-06,1.40264125525196e-05,8.35923869161372e-05,4.74256280923758e-05,2.25806372482267e-05,4.21421363685568e-06,4.40290976984921e-06,0.000114601451438075,0.000161398092420473,4.409199640949e-05,0,0,2.83044199490307e-06,0.00010919216229226,4.34001105885137e-06,3.45942910488152e-06,0.000542186888801432,0.00209308040587532,1.57246777494615e-06,0,4.46580848084706e-06,1.19507550895907e-06,2.33983204911987e-05,0.000293925676492934,6.62952413917296e-05,1.19507550895907e-06,1.38377164195261e-06,0,0,9.21466116118443e-05,0.00081409801644512,3.36508103838476e-05,1.44038048185067e-05,1.44667035295046e-06,0,6.28987109978459e-07,2.51594843991384e-06,1.88696132993538e-06,1.13217679796123e-06,1.32087293095476e-06,3.1449355498923e-06,7.54784531974151e-07,3.20783426089014e-06,4.52870719184491e-06,3.77392265987075e-06,0.000118186677964952,2.26435359592245e-06,1.06927808696338e-06,0,0,0,0,0.000445700266130736,0,1.57246777494615e-06,0,1.02524898926489e-05,0.0030630414281731,4.02551750386214e-06,0.00111097993235495,2.07565746292892e-06,0,3.1449355498923e-06,0.000470545256974885,3.89972008186645e-06,3.16380516319165e-05,4.03809724606171e-05,2.86189135040199e-05,0.000298076991418792,8.99451567269197e-06,3.08203683889445e-06,1.25797421995692e-06
"MSM6J2JR",4.92369481578802e-07,0.000212882659489889,0,2.32756482200888e-06,7.92267256722253e-05,2.9094560275111e-06,6.71412929425638e-06,2.9094560275111e-06,6.26652067463929e-07,0.000287857103275752,5.00874045351526e-05,0.00021709018051429,0,0,4.47608619617092e-07,0.000554542318843616,1.56663016865982e-06,1.07426068708102e-06,0.00289737059478144,0.00367553817998575,7.16173791387348e-07,0,0,0,2.96316906186515e-05,0.000341122529010186,0.000123316174704509,3.26754292320477e-06,1.61139103062153e-06,0,0,3.50477549160183e-05,0.00117215269219128,1.37415846222447e-05,0,5.37130343540511e-07,6.71412929425638e-07,0,8.50456377272475e-07,1.79043447846837e-06,0,4.92369481578802e-07,4.92369481578802e-07,0,1.07426068708102e-06,0,1.07426068708102e-06,0.00740129804709254,0,4.47608619617092e-07,0,0,0,5.8189120550222e-07,2.64536694193702e-05,0,0,0,7.16173791387348e-07,0.000370485654457067,9.39978101195894e-07,7.82419867090677e-05,4.92369481578802e-07,2.01423878827692e-06,0,6.78127058719895e-05,8.95217239234185e-07,1.25330413492786e-06,2.9094560275111e-06,3.62562981889845e-06,3.49134723301332e-06,4.43132533420921e-06,1.56663016865982e-06,1.52186930669811e-06
"MSM6J2K6",1.95938374912575e-05,0.00128640485828429,1.04140474855109e-06,0.0132149248420122,0.0101803099752805,1.27668508063115e-05,2.54951310663803e-05,9.60406601441559e-06,3.47134916183696e-06,0.000126704244407049,0.00199066446212853,5.74315433552804e-05,0,0,6.55699286124759e-07,6.3988536216528e-05,7.25126269361498e-06,9.60406601441559e-06,0.000469017842310416,0.000441439901746933,2.19852113583007e-06,0,1.50425130346268e-06,5.01417101154227e-07,9.02165076615183e-05,0.000261585444617536,0.000315082792256068,3.85705462426329e-07,5.01417101154227e-07,8.0998147109529e-07,6.94269832367392e-07,6.60713457136301e-05,0.00127421656567162,2.41065914016456e-05,9.56549546817296e-06,2.35280332080061e-06,5.78558193639493e-07,4.24276008668962e-07,2.6999382369843e-05,1.51582246733547e-05,5.3998764739686e-07,2.39137386704324e-06,3.81848407802065e-06,1.04140474855109e-06,1.27282802600689e-06,2.62279714449904e-06,4.74417718784384e-06,0.0012314032593423,1.15711638727899e-06,8.87122563580556e-07,0,8.87122563580556e-07,5.3998764739686e-07,0,0.00012057152755447,0,8.87122563580556e-07,1.92852731213164e-06,0.000392571019657517,0.00018648859108313,2.5842265982564e-06,8.73237166933208e-05,2.19852113583007e-06,6.94269832367392e-07,2.9313615144401e-06,0.000229764743967364,2.39137386704324e-06,2.3643744846734e-05,6.32556958379179e-06,1.62767705143911e-05,0.000377335653891677,5.70844084390967e-06,2.10595182484776e-05,1.73567458091848e-06
"MSM6J2KE",1.08354623764248e-05,6.28832614215638e-05,0,0.000965045111537306,6.72049198260338e-05,1.75997972703779e-05,2.75584014198088e-05,9.39490957493483e-07,1.19002187949175e-06,5.46157409956212e-05,0.00882964918217625,1.89150846108688e-05,0,0,0,3.00637106397915e-05,1.06475641849261e-06,0,7.10881491170069e-05,0.000320992743810273,6.88960035495221e-07,0,6.26327304995655e-07,0,0.000139545723553032,0.000118814289757676,0.000141800501851016,1.00212368799305e-06,0,0,0,5.28620245416333e-05,0.000399909984239726,3.04395070227889e-05,1.20254842559166e-05,0,0,0,8.14225496494352e-07,2.06688010648566e-06,1.25265460999131e-06,0,2.25477829798436e-06,0,2.0042473759861e-06,1.25265460999131e-06,1.56581826248914e-06,0.000309530954128853,1.06475641849261e-06,0,0,0,0,0,0.000209819647173545,1.06475641849261e-06,1.19002187949175e-06,0,1.54702844333927e-05,4.00849475197219e-05,6.20064031945699e-06,0.000238442805011846,1.50318553198957e-06,0,2.0042473759861e-06,0.000213890774656016,1.37792007099044e-06,6.60148979465421e-05,1.19002187949175e-06,0.000211698629088532,0.000109294114721742,2.79968305333058e-05,7.4532949294483e-06,1.50318553198957e-06
"MSM6J2LT",1.09134136130102e-05,0.000182708732904479,6.13879515731822e-06,7.39383772281439e-05,5.39759248276795e-05,2.64650280115497e-05,1.88256384824425e-05,7.82127975599062e-06,1.72795715539328e-06,0.000138873188225554,8.38968671500157e-05,0.000142420047649783,0,0,9.5492369113839e-07,0.000163246478627944,1.18228647474277e-06,7.27560907534011e-07,0.00103481897329697,0.00239003758124923,1.6824845986724e-06,0,0,5.45670680650509e-07,1.58244497388647e-05,0.000150877943199866,6.99822647934277e-05,0,7.27560907534011e-07,5.45670680650509e-07,0,5.84777079430462e-05,0.00329871568220249,2.1599464442416e-05,1.72795715539328e-06,8.18506020975763e-07,0,0,2.04626505243941e-06,2.72835340325254e-06,2.13721016588116e-06,7.73033464254887e-07,1.6824845986724e-06,4.54725567208757e-07,7.73033464254887e-07,1.09134136130102e-06,1.22775903146364e-06,6.16607869135075e-05,7.73033464254887e-07,1.8643748255559e-06,0,5.00198123929633e-07,0,5.00198123929633e-07,6.46619756570853e-05,7.73033464254887e-07,7.27560907534011e-07,0,8.59431322024551e-06,1.84163854719547e-05,1.45512181506802e-06,3.50593412317952e-05,5.00198123929633e-07,0,2.04626505243941e-06,9.21728724732151e-05,2.63740828981079e-06,8.54884066352463e-06,1.40964925834715e-06,3.95611243471619e-06,0.00018643748255559,1.14590842936607e-05,1.54606692850977e-06,4.54725567208757e-07
"MSM6J2Q1",1.38516239928769e-05,0.000787902811482677,1.76921054114627e-06,5.62695255037741e-05,0.00686108478151846,5.93332803433201e-05,2.48984020058878e-05,0.000250235412880664,1.38084725162636e-06,0.000164407125896763,0.0128559036700245,1.98065277655156e-05,0,0,5.69599491295872e-06,2.6797066976874e-05,1.16077472089841e-05,1.0270051433971e-05,0.000116206926519681,0.000372310940219757,1.42399872823968e-06,0,1.98496792421289e-06,5.60969195973208e-07,7.02074524498776e-05,0.000220460894017471,0.000197504308459182,1.467150204853e-06,0,5.17817719359884e-07,0,8.48789544984077e-05,0.00118649300095995,2.50710079123411e-05,4.61720799762563e-06,1.12193839194642e-06,0,0,2.93430040970601e-06,5.73914638957205e-06,6.90423625813179e-07,1.29454429839971e-06,2.11442235405286e-06,1.16508986855974e-06,1.59660463469298e-06,1.467150204853e-06,2.97745188631933e-06,0.000726498260261917,1.07878691533309e-06,0,6.04120672586531e-07,0,7.33575102426502e-07,9.49332485493121e-07,0.000301715124480359,0,6.90423625813179e-07,0,0.00219338955625524,0.00209120685963489,4.1856932314924e-06,0.000152669924257939,2.02811940082621e-06,0,2.67539155002607e-06,0.000260289706931568,2.50278564357277e-06,1.80804687009826e-05,3.66356036447118e-05,6.34326706215858e-06,0.000406659515603962,5.99805524925199e-06,2.58908859679942e-06,1.42399872823968e-06
"MSM6J2PO",5.73535300267615e-06,0.00109298722792227,0,5.80075615095228e-05,7.29496653849159e-05,1.73569893502041e-05,2.82742841009122e-05,3.97449901062645e-06,1.05651239522982e-06,0.000116669154501807,0.000130605056096029,0.000115059230851933,0,0,1.05651239522982e-06,6.04727570983923e-05,3.7732585543922e-06,1.00620228117125e-06,0.000743080384644971,0.0038986816687402,5.5341125464419e-07,0,5.5341125464419e-07,0,8.81433198306018e-05,6.71136921541226e-05,6.64093505573027e-05,9.55892167112691e-07,2.33438929231731e-05,0,0,7.86347082735335e-05,0.00362846604613166,3.07897898038404e-05,0,0,0,7.04341596819878e-07,1.66023376393257e-06,8.04961824937003e-07,9.05582053054128e-07,6.03721368702752e-07,8.55271938995566e-07,0,1.00620228117125e-06,2.36457536075245e-06,2.36457536075245e-06,5.10144556553826e-05,6.03721368702752e-07,0,0,0,0,5.5341125464419e-07,9.23693694115211e-05,0,0,0,4.12542935280214e-06,8.50240927589709e-06,9.55892167112691e-07,0.000136793200125232,8.04961824937003e-07,9.05582053054128e-07,3.47139787004083e-06,0.000105148138382396,2.01240456234251e-06,1.60489263846815e-05,1.30806296552263e-06,4.1757394668607e-06,0.00042597573573385,2.66643604510382e-06,4.52791026527064e-06,9.55892167112691e-07
"MSM79H5G",8.32625993986555e-06,0.000967888443198333,0,0.00297687357736816,0.00511680093153568,1.65739702576569e-05,0.000165032755977901,1.86162604315862e-05,4.7915269465264e-06,0.000428959486147224,0.00695274124827603,5.12929032144548e-05,0,0,1.33534357526146e-06,0.000230307491921564,6.73170261175922e-05,6.42535908566983e-05,0.000253243981567231,0.000457158800471863,3.53473299333915e-06,7.85496220742033e-07,1.80664130770668e-06,1.64954206355827e-06,0.000224023522155628,0.000270289249557334,0.000168803137837463,1.09969470903885e-06,9.4259546489044e-07,1.25679395318725e-06,0,0.000160162679409301,0.00122812334113017,8.9625118786666e-05,7.493633945879e-05,2.98488563881973e-06,0,0,3.84893148163596e-06,7.11659575992282e-05,2.51358790637451e-06,2.59213752844871e-06,3.37763374919074e-06,1.02114508696464e-06,4.55587808030379e-06,3.69183223748756e-06,6.59816825423308e-06,0.000184905810362675,3.06343526089393e-06,1.41389319733566e-06,0,9.4259546489044e-07,0,9.4259546489044e-07,0.00062902537357022,6.36251938801047e-06,1.33534357526146e-06,0,1.08398478462401e-05,0.000881640958160858,1.08398478462401e-05,0.000400760171822585,4.47732845822959e-06,0,4.87007656860061e-06,0.00163579587969528,6.04832089971366e-06,0.000203836269282558,1.20966417994273e-05,1.46102297058018e-05,0.00121838318799297,2.859206243501e-05,8.01206145156874e-06,2.90633601674552e-06
"MSM79H7M",2.50284899155194e-05,7.66861289853414e-05,8.00329619391608e-07,4.04530243983395e-05,0.00012987167005582,2.03720266754228e-06,8.58535409892816e-06,1.30963028627718e-06,0,3.62331045870019e-05,2.26275010573446e-05,2.54650333442784e-05,0,0,2.83753228693388e-06,1.75344943884889e-05,0,1.38238752440369e-06,0.000758930750897624,0.000114592650049253,8.73086857518118e-07,0,0,0,1.41149041965429e-05,1.97899687704107e-05,2.2263714866712e-05,0,1.37511180059104e-05,0,0,2.16088997235734e-05,0.000867120763991744,1.16411581002416e-05,0,0,0,0,9.45844095644628e-07,1.89168819128926e-06,0,0,7.27572381265098e-07,2.32823162004832e-06,2.10995990566879e-06,7.27572381265098e-07,1.30963028627718e-06,3.44141736338392e-05,0,0,0,0,0,0,1.39693897202899e-05,0,0,0,1.67341647690973e-06,9.96774162333185e-06,1.09135857189765e-06,3.37593584907006e-05,0,0,0,5.80602760249549e-05,0,8.73086857518118e-07,0,0,8.29432514642212e-06,5.02024943072918e-06,1.23687304815067e-06,0
"MSM79HCR",0,7.77681259457341e-05,0,0.0202409337867944,0.000162525217458487,4.04089281874893e-05,4.95581194752227e-05,3.11326647985374e-05,0,8.42488031078786e-05,0.000351862648274081,2.19834735108039e-05,0,0,0,1.71547336645002e-05,1.77900941705928e-06,0,0.000155790396093905,0.00122777064197334,0,0,1.9060815182778e-06,0,0.000138635662429405,0.000202807073544758,0.000132917417874572,3.17680253046299e-06,0,0,0,7.0906232479934e-05,0.000255160779246788,3.519897203753e-05,1.39779311340372e-06,0,0,0,0,1.9060815182778e-06,0,0,0,0,1.2707210121852e-06,0,4.44752354264819e-06,0.000171039048240128,1.39779311340372e-06,0,0,0,0,0,2.5922708648578e-05,0,0,0,2.16022572071484e-06,0.0003211111997792,1.19447775145409e-05,0.000118685342538097,2.16022572071484e-06,0,2.03315361949632e-06,0.000170022471430379,1.39779311340372e-06,7.24310976945563e-06,1.52486521462224e-06,5.08288404874079e-06,0.000333691337799833,8.51383078164083e-06,1.2707210121852e-06,0
"MSM79H8D",2.03551390183298e-05,0.00125307469441627,0,3.48064065464947e-06,7.97463238596904e-05,4.04459255818761e-05,1.25126828597525e-05,7.35780999147419e-06,1.14552730406185e-06,6.97449893203811e-05,6.4501998967175e-05,4.17236291133297e-05,0,0,1.10146856159793e-06,0.000386130818953771,1.93858466841236e-06,6.16822394494842e-07,0.00208596116195417,0.0019887235173363,1.14552730406185e-06,7.48998621886594e-07,0,0,0.000163722286995917,3.69652849272266e-05,0.000215226956936236,4.40587424639173e-07,1.07943919036597e-05,0,0,8.57383128347831e-05,0.00082037378467814,3.79345772614328e-05,0.00011516955280068,7.04939879422677e-07,0,0,1.45393850130927e-06,7.22563376408244e-06,4.40587424639173e-07,5.72763652030925e-07,1.45393850130927e-06,1.05740981913402e-06,4.80240292856699e-06,1.36582101638144e-06,1.45393850130927e-06,0.00142754731457339,6.6088113695876e-07,0,0,0,0,5.72763652030925e-07,7.22563376408244e-05,4.43671536611647e-05,1.49799724377319e-06,0,6.96128130929894e-06,2.90787700261854e-05,8.76768975031955e-06,0.000295942573130133,1.05740981913402e-06,4.84646167103091e-07,1.89452592594844e-06,0.000130766347632907,2.51134832044329e-06,3.34846442725772e-06,1.67423221362886e-06,2.24699586565978e-06,0.00023439250990804,0.00011842989974301,1.32176227391752e-06,0
"MSM79H9G",0.000262878385150075,0.00681054260243604,0,6.08401831060789e-05,6.99890828212787e-05,0.000158428446734877,7.11072816753587e-05,8.64062750879984e-07,6.65836590383988e-06,0.000301913690601595,5.4893398291199e-05,0.000367429978006553,0,0,4.57444985759992e-06,0.000816996744567345,0.000109126042714078,6.78035123337588e-05,0.0124379291628142,0.00386108981591753,1.07753707756798e-05,0,5.5909942703999e-06,1.06737163343998e-06,2.59727097470395e-05,0.000125644889422078,0.000190347941296797,6.09926647679989e-07,0.00580817898419462,3.35459656223994e-06,8.69145472943984e-06,0.000351775194049434,0.0146449995646649,1.41807945585597e-05,4.28473469995192e-05,1.02670985692798e-05,1.11819885407998e-06,4.37114097503992e-06,2.21098409783996e-05,0.00208864297775948,2.03308882559996e-06,3.40542378287994e-06,2.54136103199995e-06,4.42196819567992e-06,5.5401670497599e-06,1.33167318076798e-05,1.47907212062397e-05,0.0689536306824007,2.49053381135996e-06,1.37233495727998e-06,7.11581088959987e-07,3.25294212095994e-06,2.23639770815996e-06,2.28722492879996e-06,0.0620984617802427,3.44100283732794e-05,6.86167478639988e-06,2.28722492879996e-06,9.35220859775983e-06,0.000515184708407031,1.24526690567998e-05,0.0011740071423427,6.09926647679989e-06,1.42316217791997e-06,1.43841034411197e-05,0.000257439872541595,8.33566418495985e-06,1.97209616083196e-05,9.24038871235183e-05,1.14869518646398e-05,0.000116140199162398,5.5198361615039e-05,3.26819028715194e-05,4.47279541631992e-06
"MSM79HAJ",0.00022736893430871,0.000395137844301246,1.19041326863199e-06,6.15840464305617e-05,0.00042219990594148,0.000159674099765838,0.000124437867014331,5.80128066246657e-05,5.71398368943356e-06,0.000672821579430802,0.00953798791270239,0.000624332078955192,0,0,1.19041326863199e-06,0.00047418128533841,6.97582175418347e-05,5.49177321262225e-05,0.000704089767953535,0.00377162603944903,9.364584379905e-06,0,2.53954830641491e-06,1.30151850703764e-05,0.000308951923652289,0.000232606752690691,0.000421961823287753,2.19036041428286e-05,2.30146565268852e-06,9.52330614905593e-07,0,0.000460055047883977,0.00300357139852767,0.00018395853044593,0.000171578232452158,6.82503607349008e-06,1.58721769150932e-06,7.93608845754661e-07,1.64277031071215e-05,0.000208877848202627,2.38082653726398e-06,3.49187892132051e-06,6.90439695806555e-06,1.74593946066025e-06,5.87270545858449e-06,1.32532677241028e-05,1.38087939161311e-05,0.00478657239228466,2.93635272929225e-06,4.52357042080157e-06,1.03169149948106e-06,0,2.38082653726398e-06,3.01571361386771e-06,0.00291143341153555,3.9680442287733e-06,1.82530034523572e-06,2.61890919099038e-06,0.000303476022616582,0.00369155090691238,2.44431524492436e-05,0.00246701245791294,8.17417111127301e-06,2.22210476811305e-06,9.6026670336314e-06,0.000783450652529001,1.19041326863199e-05,0.000115390726172728,6.69012256971179e-05,4.3251682093629e-05,0.00332133238036783,0.000161420039226498,2.8093753139715e-05,4.28548776707517e-06
"MSM79HDA",1.39776681278337e-05,1.21488143540985e-05,0,9.92806334313425e-06,6.96270758143494e-05,8.36047439421831e-06,6.98883406391687e-05,1.43695653650627e-06,0,8.53029653035087e-05,3.31806327520539e-05,1.72434784380753e-05,0,0,0.00106465416113874,8.09920956939899e-06,0,4.57213443433814e-06,0.0036561399585216,5.34286566755514e-05,2.87391307301255e-06,0,0,0,1.75047432628946e-05,3.13517789783187e-05,6.2442293131818e-05,2.53426880074743e-05,1.90723322118105e-05,0,0,4.41537553944655e-05,0.000415411071462722,7.18478268253136e-06,0,1.30632412409661e-06,2.22075101096424e-06,0,0,3.13517789783187e-06,0,1.30632412409661e-06,0,0,1.51533598395207e-05,1.41083005402434e-05,1.93335970366299e-05,6.68837951537465e-05,0,0,0,0,0,0,1.98561266862685e-05,0,0,0,1.01893281679536e-05,6.27035579566374e-06,0,5.27754946135031e-05,8.7523716314473e-06,0,0,7.44604750735069e-05,4.0496047846995e-06,2.28606721716907e-05,0,1.63290515512076e-05,2.67796445439805e-05,1.37164033030144e-05,0,0
"MSM79HDQ",9.70144237310757e-05,0.000399748135942943,0,8.68664714579506e-05,8.97890817126106e-05,0.000517870300402119,0.000114550085259036,1.27458280550451e-05,1.29893789096001e-06,0.000452842222235933,5.99135102205304e-05,3.04438568193752e-05,0,0,0,0.000456414301436073,1.41259495641901e-05,2.51669216373502e-05,0.00132402362897917,0.00621436242120724,6.33232221843004e-06,0,0,1.21775427277501e-06,0.000180471183225256,6.73012194753655e-05,0.000185910485643651,2.76024301829002e-06,0,0,0,0.000158226871842566,0.00671096261364489,4.87101709110003e-05,8.98702653307956e-05,7.36335416937955e-05,0,0,0.00108055395804236,9.49848332764507e-06,9.74203418220007e-07,2.43550854555002e-06,1.86722321825501e-06,0,2.76024301829002e-06,2.92261025466002e-06,3.73444643651003e-06,0.000115524288677256,1.62367236370001e-06,0,0,0,0,1.05538703640501e-06,7.68808864211956e-05,0,0,0,6.89248918390655e-05,1.25834608186751e-05,2.19195769099502e-06,0.000353311106341123,2.35432492736502e-06,8.93019800035006e-07,6.08877136387504e-06,9.10880196035706e-05,8.28072905487006e-06,1.91593338916601e-05,2.84142663647502e-06,4.78983347291503e-06,0.00156570726031592,7.14415840028005e-06,6.65705669117005e-06,1.86722321825501e-06
"MSM9VZFR",5.57211324484353e-05,9.73627287514178e-05,0,8.35319476615383e-05,5.62683935706967e-05,9.15418604510009e-06,1.42287891787969e-05,4.62684403366472e-06,0,5.91539522153478e-05,6.96514155605441e-05,2.18406938793421e-05,0,0,8.45767188949465e-07,5.55221284039766e-05,7.46265166720116e-07,0,0.00115382544977153,0.0011818850200402,6.46763144490767e-07,0,0,0,2.03979145570165e-05,0.000318804479222833,0.00016656638521193,0,1.09452224452284e-06,7.46265166720116e-07,0,2.83083253242497e-05,0.000334426296712841,1.71640988345627e-05,9.20393705621476e-06,0,0,0,7.26364762274246e-06,1.44277932232556e-06,9.45269211178813e-07,0,0,0,5.97012133376093e-07,5.97012133376093e-07,1.14427325563751e-06,2.73630561130709e-05,0,5.47261122261418e-07,0,0,0,0,2.00994084903285e-05,0,0,0,1.84078741124295e-06,0.000539698968571988,1.29352628898153e-06,0.000160148504778137,0,0,1.29352628898153e-06,0.000178307623834993,1.64178336678425e-06,3.48257077802721e-06,1.59203235566958e-06,3.08456268910981e-06,1.18904916564072e-05,1.89053842235763e-06,6.96514155605441e-07,6.46763144490767e-07
"MSM9VZME",0,7.71547094608056e-05,0,4.68061838216238e-06,2.36295734454326e-05,2.34030919108119e-06,1.51742628195909e-05,9.58771829894551e-06,0,5.58654452064541e-05,1.9175436597891e-05,2.71777841544912e-05,0,0,1.35888920772456e-06,0.000481046779534494,0,8.30432293609454e-07,0.00770127810324433,1.51742628195909e-05,8.30432293609454e-07,0,0,0,6.71895219374922e-06,3.47271686418499e-06,1.44193243708551e-05,0,5.38271113948673e-05,0,0,2.82346979827214e-05,0.000361011566185492,4.83160607190955e-06,0,0,0,0,0,1.13995705759116e-05,0,0,9.0592613848304e-07,0,0,7.54938448735867e-07,8.98376753995682e-06,2.59698826365138e-05,0,0,0,0,0,7.54938448735867e-07,1.61556828029476e-05,0,0,0,1.73635843209249e-06,5.05808760653031e-06,0,1.1324076731038e-05,0,0,1.73635843209249e-06,0.000102445147493457,9.81419983356627e-07,2.64228457057553e-06,3.09524763981705e-06,2.34030919108119e-06,1.0040681368187e-05,0.000350970884817305,1.35888920772456e-06,8.30432293609454e-07
"MSM9VZNX",0,3.60469450615857e-05,0,7.92114397850133e-05,0.000402715551834531,6.07287705018435e-05,0.000174953962655595,2.80110018949902e-05,4.70676671186311e-06,0.000214100485795724,0.000527617068481045,2.56002189450115e-05,0,0,2.29598376188444e-06,0.000101367683087198,5.16596346424e-06,2.41078294997866e-06,0.00139526933209718,0.00377563049723087,1.60718863331911e-06,0,2.18118457379022e-06,0,0.000697864264424776,0.000487666951024256,0.000493521709617061,0,2.41078294997866e-06,0,0,0.000157504486065273,0.000573651542906828,0.000107337240868098,1.95158619760178e-06,3.55877483092089e-06,0,1.49238944522489e-06,2.18118457379022e-06,7.00275047374755e-06,2.29598376188444e-06,1.49238944522489e-06,4.36236914758044e-06,0,0,5.51036102852266e-06,6.88795128565333e-06,0.00023028717131701,2.64038132616711e-06,1.26279106903644e-06,0,0,0,0,0.000410062699872561,0,1.26279106903644e-06,0,2.03194562926773e-05,0.00636928855384363,9.06913585944355e-06,0.000735174000555399,6.08435696899377e-06,0,5.51036102852266e-06,0.00181176078650301,6.88795128565333e-06,8.23110178635573e-05,4.59196752376889e-06,1.50386936403431e-05,0.000468610285800615,1.14799188094222e-05,2.066385385696e-06,0
"MSM9VZPL",0,0.000119405519949084,6.45552339347368e-06,5.67566150701377e-06,6.82379150652419e-05,1.42974679184316e-06,1.33443033905362e-05,2.38291131973861e-06,4.33256603588838e-07,8.45716890205411e-05,7.29170863840014e-05,1.90632905579089e-05,0,0,1.40808396166372e-05,3.20176630052151e-05,1.16979282968986e-06,2.25293433866196e-06,0.0103631080269018,6.60283063869389e-05,4.37589169624726e-06,7.36536226101024e-07,0,0,1.28243954662296e-05,1.46440732013027e-05,5.48936116747057e-05,4.46687558300092e-05,0.000363632267392112,0,0,5.76231282773154e-05,0.000410467306240065,6.0006039597054e-05,7.36536226101024e-07,4.67917131875945e-06,0.000134482849753975,0,0,1.64637509363758e-06,9.09838867536559e-07,1.03981584861321e-06,1.03981584861321e-06,6.06559245024373e-07,9.09838867536559e-07,7.36536226101024e-07,3.2060988665574e-06,0.000159481755781051,0,0,0,0,5.63233584665489e-07,0,4.89146705451798e-05,0,0,0,1.64637509363758e-06,6.1522437709615e-06,1.12646716933098e-06,1.12213460329509e-05,1.25644415040763e-06,0,2.29625999902084e-06,3.60902750789502e-05,2.59953962153303e-06,4.8091482998361e-06,1.51639811256093e-06,6.71547735562699e-06,8.49182943034122e-06,7.88527018531685e-06,1.51639811256093e-06,1.64637509363758e-06
"MSM9VZMM",1.01569495229192e-05,6.4425958138905e-05,0,4.13180762145937e-05,0.00012566348875767,2.51458459062563e-05,1.51203779305593e-05,7.95463360694643e-06,8.21759670139094e-07,3.0142144700702e-05,0.000501010435690403,9.30231946597455e-06,0,0,7.23148509722403e-07,2.18259368388943e-05,4.27315028472329e-07,2.46527901041728e-06,0.000735803608642545,0.000427117806151496,0,0,0,0,6.96852200277952e-06,0.000206195936431302,2.84986253604238e-05,3.61574254861201e-07,3.68148332222314e-06,0,6.57407736111276e-07,1.37069512979201e-05,0.000399013625432739,7.1657443236129e-06,1.16361169291696e-05,5.91666962500148e-07,0,3.28703868055638e-07,7.85602244652974e-06,5.91666962500148e-07,5.91666962500148e-07,4.60185415277893e-07,8.21759670139094e-07,4.27315028472329e-07,1.15046353819473e-06,9.86111604166913e-07,9.53241217361349e-07,0.000217240386397971,7.23148509722403e-07,3.61574254861201e-07,0,0,0,0,1.84402869979213e-05,4.27315028472329e-07,0,0,7.00139238958508e-06,2.33708450187558e-05,1.0847227645836e-06,3.98717791951489e-05,5.58796575694584e-07,3.28703868055638e-07,1.01898199097248e-06,3.41852022777863e-05,1.44629701944481e-06,1.03870422305582e-05,1.31481547222255e-06,4.33889105833442e-06,1.59092672138929e-05,3.12926082388967e-05,4.93055802083457e-07,3.61574254861201e-07
"MSMA267V",0,0.0013842195783393,0,1.41718097862875e-05,0.000115046433377446,2.40443064913417e-05,0.000104696235218922,1.27387054258764e-05,3.10505944755738e-06,0.000116718388464593,0.000132164068793468,1.35348745149937e-05,0,0,1.11463672476419e-06,0.000924750397009716,3.50314399211602e-06,6.21011889511475e-06,0.00220873228702915,0.0019531620094225,3.66237780993947e-06,0,7.96169089117276e-07,1.11463672476419e-06,5.69260898718852e-05,3.64645442815713e-05,4.55408718975082e-05,0,0,0,0,0.000248165905077855,0.00226685263053471,9.07632761593695e-06,2.86620872082219e-05,9.55402906940731e-07,0,0,1.27387054258764e-05,1.58437648734338e-05,0,3.1846763564691e-06,5.65280053273266e-06,0,1.83118890496974e-06,1.91080581388146e-06,1.91080581388146e-06,0.00168190720076025,1.19425363367591e-06,7.96169089117276e-07,0,0,0,1.27387054258764e-06,0.000102068877224835,0,0,0,3.67033950083064e-05,6.2260422768971e-05,1.4331043604111e-06,0.000260267675232438,1.67195508714628e-06,0,3.7419947188512e-06,5.74834082342673e-05,4.14007926340984e-06,5.72445575075322e-05,4.37892999014502e-06,6.28973580402648e-06,6.05884676818247e-05,6.0508850772913e-06,6.94259445710265e-05,2.22927344952837e-06
"MSMA26DG",8.28540914593174e-06,0.000464604317858122,0,2.15420637794225e-05,0.000720830595696061,5.74800259499014e-05,2.55812007380642e-05,1.13924375756561e-06,5.07481310188319e-06,0.000134741466235715,0.000156283530015137,1.2013843261601e-05,0,0,0,0.000101185559194691,2.69275797242782e-06,3.1070284297244e-06,0.000174200727293215,0.00130495194048425,3.62486650134514e-06,0,0,1.03567614324147e-06,5.3648024219908e-05,0.000247630165849035,0.00011889562124412,2.07135228648294e-06,0,0,1.5535142148622e-06,7.37401413987925e-05,0.000865514552906894,3.25202308977821e-05,2.89989320107611e-06,0,0,0,8.90681483187662e-06,1.76064944351049e-06,2.17491990080708e-06,0,2.17491990080708e-06,0,3.1070284297244e-06,3.00346081540026e-06,5.69621878782807e-06,4.95053196469421e-05,1.65708182918635e-06,1.5535142148622e-06,0,0,2.89989320107611e-06,1.76064944351049e-06,0.000128838112219239,0,4.24627218729002e-06,0,1.92635762642913e-05,1.09781671183596e-05,0,9.82856659936153e-05,4.6605426445866e-06,0,1.65708182918635e-06,0.00100584867031611,4.97124548755904e-06,1.46030336197047e-05,1.86421705783464e-06,2.10242257078018e-05,0.000136087845221929,8.28540914593174e-06,1.65708182918635e-06,4.24627218729002e-06
